{"predictions": [{"num_detections": 100.0, "detection_boxes": [[0.526393473, 0.170832559, 0.550787091, 0.222922623], [0.502303421, 0.788321733, 0.525618374, 0.822798133], [0.512319148, 0.846630037, 0.525962532, 0.879015923], [0.499924481, 0.856974721, 0.51238668, 0.876187384], [0.751717746, 0.826456428, 0.80168736, 0.862092733], [0.505471766, 0.85418427, 0.521779239, 0.8808375], [0.519201875, 0.843280435, 0.532610953, 0.881585896], [0.514496326, 0.854118049, 0.529314637, 0.882816374], [0.742154896, 0.820553422, 0.822665751, 0.867499411], [0.49816072, 0.850332081, 0.511735559, 0.878614545], [0.340062946, 0.839671791, 0.398840636, 0.906620622], [0.752502859, 0.822704911, 0.789821804, 0.855037], [0.506184936, 0.826159, 0.519316196, 0.85306114], [0.703148, 0.805407524, 0.721833766, 0.831059575], [0.706310928, 0.804146, 0.731322, 0.831960917], [0.79027158, 0.0464096479, 0.938432932, 0.218192503], [0.508380592, 0.856196284, 0.523196459, 0.888789713], [0.555351138, 0.849605501, 0.594316781, 0.909838915], [0.533480406, 0.780992925, 0.553405225, 0.824004292], [0.56829989, 0.78644073, 0.582284212, 0.820063055], [0.744222224, 0.840265751, 0.802233, 0.879922688], [0.494388074, 0.827935934, 0.507502079, 0.84951], [0.796712041, 0.196733475, 0.862348676, 0.233204424], [0.527766645, 0.804694712, 0.547086775, 0.845345199], [0.750875711, 0.817400753, 0.837174773, 0.858442605], [0.564416349, 0.793940246, 0.583342493, 0.823754787], [0.529565156, 0.206959844, 0.548611343, 0.240495816], [0.513178527, 0.856738508, 0.530531764, 0.89341861], [0.746199369, 0.849329889, 0.826626837, 0.896004856], [0.706564546, 0.823794365, 0.734167933, 0.849294126], [0.754377246, 0.782047749, 0.840824068, 0.846102238], [0.720592201, 0.0105707934, 0.94935745, 0.19786489], [0.797293961, 0.157362372, 0.874464095, 0.225943819], [0.217735842, 0.296538651, 0.276078194, 0.335199594], [0.523186266, 0.782769918, 0.544227362, 0.822898686], [0.531648278, 0.806639314, 0.551234901, 0.84238], [0.536978543, 0.781361401, 0.548713565, 0.810918808], [0.703738332, 0.822147191, 0.722005188, 0.846177459], [0.727927685, 0.825650156, 0.790001452, 0.855798542], [0.775495589, 0.788691461, 0.844505668, 0.828894913], [0.518778563, 0.80813, 0.536000073, 0.845436633], [0.507632613, 0.810505, 0.523393154, 0.840475678], [0.759892404, 0.791160762, 0.807445824, 0.833319485], [0.525470138, 0.17170608, 0.542573035, 0.219072655], [0.749382555, 0.849128485, 0.806703866, 0.888674736], [0.514890909, 0.817572713, 0.530327, 0.85025996], [0.71991539, 0.845441222, 0.760678232, 0.87813592], [0.171988353, 0.663830638, 0.803988397, 0.965049], [0.320929259, 0.0554776527, 0.916781604, 0.271801293], [0.525214314, 0.850685477, 0.543300331, 0.892882824], [0.772830546, 0.00550544122, 0.892711401, 0.173800886], [0.52748096, 0.198824063, 0.546900511, 0.229822695], [0.814612865, 0.17218776, 0.893714726, 0.212298661], [0.799154401, 0.173865244, 0.862593234, 0.216715], [0.790499628, 0.760140479, 0.84397459, 0.804731905], [0.192185283, 0.905938327, 0.267278939, 0.954361379], [0.223860368, 0.301114649, 0.264743, 0.333499283], [0.726190686, 0.844450891, 0.788076341, 0.87594384], [0.73008436, 0.826239467, 0.765978873, 0.855503738], [0.473108172, 0.806393862, 0.499518782, 0.836057067], [0.775265932, 0.762851655, 0.806462586, 0.803312242], [0.512296498, 0.809685051, 0.526991546, 0.840150833], [0.474195778, 0.221088, 0.499025017, 0.269406885], [0.536895037, 0.216981187, 0.557183564, 0.25225], [0.695032895, 0.848123968, 0.736483932, 0.877993584], [0.740583539, 0.799973488, 0.778531432, 0.833897233], [0.730300903, 0.803578913, 0.755156517, 0.830613], [0.486475289, 0.856643379, 0.504593313, 0.888909042], [0.401424348, 0.740722299, 0.43320781, 0.765823722], [0.53713119, 0.171723142, 0.552701294, 0.199388951], [0.540017605, 0.842691958, 0.557575703, 0.887953], [0.404396802, 0.736003041, 0.43502453, 0.755193889], [0.187600911, 0.160229981, 0.74350071, 0.781956732], [0.459896, 0.0689923614, 0.936999202, 0.368351966], [0.474174529, 0.752148509, 0.498995066, 0.774605811], [0.159020588, 0.127018824, 0.915324867, 0.476863], [0.165303335, 0.735231161, 0.199926406, 0.773441613], [0.502199233, 0.798377395, 0.517671764, 0.818359196], [0.34258014, 0.779997, 0.373860598, 0.844081402], [0.467702, 0.811149597, 0.484197259, 0.829817712], [0.525380075, 0.169501588, 0.5391922, 0.192201078], [0.512300134, 0.750442624, 0.529674053, 0.776902378], [0.409150839, 0.761904061, 0.434266299, 0.790025294], [0.25396049, 0.393021911, 0.829401, 0.907744765], [0.330735803, 0.728752851, 0.885403574, 0.973732], [0.230432555, 0.286930561, 0.263631433, 0.314937443], [0.562373221, 0.803518951, 0.583078742, 0.844456], [0.829958677, 0.144414797, 0.898755848, 0.180048719], [0.501678884, 0.806105435, 0.51556915, 0.827112496], [0.507312834, 0.131152913, 0.52586019, 0.16157636], [0.249558046, 0.279576182, 0.279025972, 0.313628107], [0.461601168, 0.831604719, 0.479736954, 0.855691969], [0.521675, 0.0378460512, 0.949550092, 0.245243356], [0.43609342, 0.0980474129, 0.913606882, 0.554379702], [0.470038384, 0.21903199, 0.485660404, 0.262894392], [0.632707953, 0.829998, 0.650723398, 0.858525336], [0.378995299, 0.83932209, 0.407724679, 0.891771078], [0.575518131, 0.200369731, 0.593239844, 0.233823732], [0.785432, 0.00150366465, 0.959111691, 0.145614117], [0.242443785, 0.285825729, 0.285199612, 0.32578209], [0.0, 0.0, 0.0, 0.0], [0.0, 0.0, 0.0, 0.0], [0.0, 0.0, 0.0, 0.0], [0.0, 0.0, 0.0, 0.0], [0.0, 0.0, 0.0, 0.0], [0.0, 0.0, 0.0, 0.0], [0.0, 0.0, 0.0, 0.0], [0.0, 0.0, 0.0, 0.0], [0.0, 0.0, 0.0, 0.0], [0.0, 0.0, 0.0, 0.0], [0.0, 0.0, 0.0, 0.0], [0.0, 0.0, 0.0, 0.0], [0.0, 0.0, 0.0, 0.0], [0.0, 0.0, 0.0, 0.0], [0.0, 0.0, 0.0, 0.0], [0.0, 0.0, 0.0, 0.0], [0.0, 0.0, 0.0, 0.0], [0.0, 0.0, 0.0, 0.0], [0.0, 0.0, 0.0, 0.0], [0.0, 0.0, 0.0, 0.0], [0.0, 0.0, 0.0, 0.0], [0.0, 0.0, 0.0, 0.0], [0.0, 0.0, 0.0, 0.0], [0.0, 0.0, 0.0, 0.0], [0.0, 0.0, 0.0, 0.0], [0.0, 0.0, 0.0, 0.0], [0.0, 0.0, 0.0, 0.0], [0.0, 0.0, 0.0, 0.0], [0.0, 0.0, 0.0, 0.0], [0.0, 0.0, 0.0, 0.0], [0.0, 0.0, 0.0, 0.0], [0.0, 0.0, 0.0, 0.0], [0.0, 0.0, 0.0, 0.0], [0.0, 0.0, 0.0, 0.0], [0.0, 0.0, 0.0, 0.0], [0.0, 0.0, 0.0, 0.0], [0.0, 0.0, 0.0, 0.0], [0.0, 0.0, 0.0, 0.0], [0.0, 0.0, 0.0, 0.0], [0.0, 0.0, 0.0, 0.0], [0.0, 0.0, 0.0, 0.0], [0.0, 0.0, 0.0, 0.0], [0.0, 0.0, 0.0, 0.0], [0.0, 0.0, 0.0, 0.0], [0.0, 0.0, 0.0, 0.0], [0.0, 0.0, 0.0, 0.0], [0.0, 0.0, 0.0, 0.0], [0.0, 0.0, 0.0, 0.0], [0.0, 0.0, 0.0, 0.0], [0.0, 0.0, 0.0, 0.0], [0.0, 0.0, 0.0, 0.0], [0.0, 0.0, 0.0, 0.0], [0.0, 0.0, 0.0, 0.0], [0.0, 0.0, 0.0, 0.0], [0.0, 0.0, 0.0, 0.0], [0.0, 0.0, 0.0, 0.0], [0.0, 0.0, 0.0, 0.0], [0.0, 0.0, 0.0, 0.0], [0.0, 0.0, 0.0, 0.0], [0.0, 0.0, 0.0, 0.0], [0.0, 0.0, 0.0, 0.0], [0.0, 0.0, 0.0, 0.0], [0.0, 0.0, 0.0, 0.0], [0.0, 0.0, 0.0, 0.0], [0.0, 0.0, 0.0, 0.0], [0.0, 0.0, 0.0, 0.0], [0.0, 0.0, 0.0, 0.0], [0.0, 0.0, 0.0, 0.0], [0.0, 0.0, 0.0, 0.0], [0.0, 0.0, 0.0, 0.0], [0.0, 0.0, 0.0, 0.0], [0.0, 0.0, 0.0, 0.0], [0.0, 0.0, 0.0, 0.0], [0.0, 0.0, 0.0, 0.0], [0.0, 0.0, 0.0, 0.0], [0.0, 0.0, 0.0, 0.0], [0.0, 0.0, 0.0, 0.0], [0.0, 0.0, 0.0, 0.0], [0.0, 0.0, 0.0, 0.0], [0.0, 0.0, 0.0, 0.0], [0.0, 0.0, 0.0, 0.0], [0.0, 0.0, 0.0, 0.0], [0.0, 0.0, 0.0, 0.0], [0.0, 0.0, 0.0, 0.0], [0.0, 0.0, 0.0, 0.0], [0.0, 0.0, 0.0, 0.0], [0.0, 0.0, 0.0, 0.0], [0.0, 0.0, 0.0, 0.0], [0.0, 0.0, 0.0, 0.0], [0.0, 0.0, 0.0, 0.0], [0.0, 0.0, 0.0, 0.0], [0.0, 0.0, 0.0, 0.0], [0.0, 0.0, 0.0, 0.0], [0.0, 0.0, 0.0, 0.0], [0.0, 0.0, 0.0, 0.0], [0.0, 0.0, 0.0, 0.0], [0.0, 0.0, 0.0, 0.0], [0.0, 0.0, 0.0, 0.0], [0.0, 0.0, 0.0, 0.0], [0.0, 0.0, 0.0, 0.0], [0.0, 0.0, 0.0, 0.0], [0.0, 0.0, 0.0, 0.0], [0.0, 0.0, 0.0, 0.0], [0.0, 0.0, 0.0, 0.0], [0.0, 0.0, 0.0, 0.0], [0.0, 0.0, 0.0, 0.0], [0.0, 0.0, 0.0, 0.0], [0.0, 0.0, 0.0, 0.0], [0.0, 0.0, 0.0, 0.0], [0.0, 0.0, 0.0, 0.0], [0.0, 0.0, 0.0, 0.0], [0.0, 0.0, 0.0, 0.0], [0.0, 0.0, 0.0, 0.0], [0.0, 0.0, 0.0, 0.0], [0.0, 0.0, 0.0, 0.0], [0.0, 0.0, 0.0, 0.0], [0.0, 0.0, 0.0, 0.0], [0.0, 0.0, 0.0, 0.0], [0.0, 0.0, 0.0, 0.0], [0.0, 0.0, 0.0, 0.0], [0.0, 0.0, 